pt1_cam1_X,pt1_cam1_Y
1255.041343,633.409699
1254.990000,633.030000
1255.030000,632.950000
1254.990000,632.940000
1254.970000,632.970000
1255.020000,633.050000
1255.070000,633.010000
1255.040000,633.030000
1255.020000,632.950000
1255.020000,632.940000
1255.030000,633.000000
1255.010000,632.980000
1254.610000,632.460000
1254.930000,629.220000
1255.300000,624.650000
1255.580000,622.690000
1255.240000,624.270000
1255.550000,625.020000
1255.650000,624.980000
1255.540000,624.650000
1255.680000,624.790000
1255.770000,626.010000
1256.030000,627.900000
1256.190000,631.840000
1256.070000,634.470000
1256.260000,635.240000
1256.070000,633.620000
1255.520000,631.840000
1255.360000,631.350000
1255.330000,632.530000
1255.230000,633.570000
1255.260000,634.070000
1255.200000,633.420000
1255.310000,632.750000
1255.450000,632.740000
1255.330000,633.410000
1255.000000,633.900000
1254.850000,633.760000
1254.890000,633.540000
1254.710000,632.980000
1254.760000,632.710000
1254.800000,633.040000
1254.430000,633.330000
1254.090000,633.780000
1254.290000,633.880000
1254.660000,634.050000
1254.720000,634.060000
1254.820000,634.270000
1254.800000,634.290000
1254.590000,633.900000
1253.660000,633.780000
1252.990000,633.850000
1252.580000,633.860000
1252.550000,633.460000
1252.170000,632.970000
1251.480000,632.760000
1250.360000,632.080000
1250.310000,631.900000
1250.400000,632.010000
1250.140000,631.590000
1249.940000,630.710000
1249.720000,630.030000
1249.460000,629.260000
1249.110000,628.980000
1248.950000,628.900000
1248.710000,628.680000
1248.000000,627.780000
1247.780000,627.050000
1247.780000,626.780000
1248.030000,626.200000
1247.980000,625.980000
1247.720000,625.950000
1247.440000,625.820000
1247.380000,625.630000
1247.350000,625.340000
1247.380000,625.300000
1247.120000,625.470000
1246.910000,625.750000
1246.940000,625.630000
1246.920000,625.420000
1246.830000,624.980000
1246.910000,625.070000
1246.920000,625.040000
1246.910000,624.890000
1246.960000,624.910000
1247.000000,624.940000
1247.000000,624.840000
1246.760000,624.980000
1246.520000,625.030000
1246.380000,625.020000
1246.540000,624.980000
1246.570000,624.940000
1246.490000,624.920000
1246.460000,624.950000
1246.590000,624.900000
1246.750000,624.870000
1246.600000,624.880000
1246.570000,625.160000
1246.130000,625.740000
1245.420000,627.100000
1244.870000,628.300000
1244.540000,629.530000
1243.810000,630.730000
1243.190000,632.020000
1243.110000,632.820000
1243.110000,633.360000
1242.910000,633.330000
1242.830000,633.040000
1242.810000,632.980000
1242.760000,633.040000
1242.360000,633.080000
1241.900000,633.240000
1241.680000,633.370000
1241.810000,633.820000
1241.830000,633.770000
1241.700000,633.690000
1241.600000,633.710000
1241.200000,633.710000
1241.020000,633.690000
1240.880000,633.510000
1240.590000,633.020000
1240.360000,633.060000
1240.190000,633.400000
1240.060000,634.100000
1240.000000,634.410000
1239.980000,634.220000
1239.870000,633.870000
1239.390000,633.910000
1238.690000,634.130000
1238.380000,634.100000
1238.240000,634.110000
1238.120000,634.420000
1237.490000,635.340000
1237.580000,635.040000
1237.930000,633.780000
1237.970000,632.360000
1237.900000,631.070000
1237.930000,629.940000
1237.850000,628.830000
1237.760000,627.830000
1237.560000,627.050000
1237.350000,626.680000
1237.180000,626.270000
1237.280000,626.360000
1237.230000,626.510000
1237.210000,626.580000
1236.810000,626.500000
1236.220000,626.560000
1235.950000,627.090000
1235.900000,627.400000
1235.910000,627.580000
1235.590000,627.710000
1235.270000,627.910000
1235.190000,628.030000
1235.200000,628.160000
1235.070000,627.850000
1235.030000,627.480000
1235.040000,626.880000
1234.940000,626.610000
1234.580000,626.860000
1234.230000,627.490000
1234.170000,628.450000
1233.990000,629.710000
1233.370000,630.720000
1232.970000,631.170000
1232.980000,631.150000
1233.050000,630.870000
1232.740000,630.490000
1232.310000,629.690000
1232.120000,628.970000
1232.310000,628.550000
1232.170000,628.960000
1231.820000,629.140000
1231.750000,628.820000
1231.580000,627.960000
1231.420000,626.360000
1231.390000,624.640000
1231.400000,623.470000
1231.230000,623.570000
1231.010000,624.460000
1230.640000,624.890000
1230.270000,624.300000
1230.340000,623.680000
1230.330000,623.920000
1230.210000,624.690000
1229.930000,625.260000
1229.770000,625.870000
1229.650000,626.010000
1229.160000,626.360000
1228.990000,626.880000
1228.770000,627.450000
1228.320000,628.430000
1227.760000,629.340000
1227.290000,630.380000
1227.120000,631.250000
1226.950000,631.930000
1226.890000,632.640000
1227.050000,632.730000
1226.930000,632.810000
1226.680000,632.730000
1226.310000,632.930000
1226.340000,632.950000
1226.430000,632.960000
1226.340000,632.980000
1226.220000,632.900000
1226.120000,632.870000
1226.140000,632.770000
1226.130000,632.730000
1226.060000,632.700000
1226.020000,632.500000
1225.980000,632.270000
1225.580000,632.430000
1225.210000,632.800000
1225.120000,632.930000
1225.050000,633.030000
1224.820000,633.030000
1224.870000,632.930000
1224.910000,632.920000
1224.580000,632.910000
1224.250000,632.720000
1223.820000,632.670000
1223.040000,632.770000
1222.840000,632.680000
1223.210000,632.580000
1223.700000,631.280000
1223.810000,630.290000
1223.100000,630.590000
1222.960000,631.020000
1222.960000,630.850000
1223.000000,630.410000
1222.810000,629.900000
1222.680000,629.660000
1222.710000,629.770000
1222.640000,630.010000
1222.660000,629.990000
1222.650000,629.980000
1222.170000,629.880000
1221.800000,629.910000
1221.590000,630.060000
1221.420000,630.040000
1221.280000,630.170000
1221.330000,630.170000
1221.340000,630.020000
1221.140000,630.000000
1221.090000,630.060000
1221.140000,629.970000
1221.140000,629.940000
1220.910000,629.880000
1220.840000,629.840000
1220.860000,629.850000
1221.010000,630.040000
1220.090000,631.500000
1219.500000,632.940000
1219.010000,633.530000
1218.260000,633.540000
1218.120000,633.410000
1217.890000,633.180000
1217.800000,633.580000
1217.940000,633.770000
1218.360000,633.700000
1218.820000,634.090000
1219.000000,634.120000
1219.230000,633.690000
1219.110000,633.240000
1219.140000,633.350000
1219.330000,633.700000
1219.090000,634.360000
1218.680000,634.890000
1218.600000,634.910000
1218.430000,634.540000
1218.290000,634.030000
1218.020000,634.140000
1218.010000,634.430000
1217.670000,634.760000
1217.400000,634.770000
1217.250000,634.950000
1217.250000,634.990000
1217.200000,635.030000
1216.920000,635.090000
1216.420000,634.960000
1215.970000,635.050000
1215.780000,635.150000
1215.340000,635.180000
1214.880000,635.080000
1214.770000,635.050000
1215.140000,635.060000
1215.140000,635.300000
1215.020000,635.250000
1214.890000,635.300000
1214.460000,635.010000
1213.820000,634.970000
1213.400000,634.750000
1213.300000,634.390000
1213.330000,634.120000
1213.010000,634.070000
1212.590000,633.890000
1212.270000,633.660000
1212.350000,632.990000
1212.400000,632.520000
1212.060000,632.870000
1211.790000,633.590000
1211.750000,633.800000
1211.190000,633.730000
1210.740000,633.420000
1210.660000,633.160000
1210.710000,633.380000
1210.740000,633.590000
1210.690000,633.830000
1210.750000,633.770000
1210.700000,633.750000
1210.830000,633.760000
1210.790000,634.010000
1210.830000,634.260000
1210.940000,634.370000
1210.770000,634.500000
1210.590000,634.610000
1210.400000,634.690000
1210.510000,634.730000
1210.670000,634.760000
1210.680000,634.940000
1210.760000,634.820000
1210.790000,634.840000
1210.730000,634.820000
1210.600000,635.070000
1210.470000,635.180000
1210.530000,635.100000
1210.580000,635.100000
1210.380000,635.260000
1210.160000,635.160000
1210.230000,635.260000
1210.260000,635.350000
1209.890000,635.790000
1209.910000,636.110000
1209.760000,636.190000
1209.540000,636.240000
1209.070000,636.590000
1209.020000,636.400000
1209.140000,636.040000
1208.530000,636.110000
1207.750000,636.090000
1207.300000,636.000000
1207.110000,635.790000
1206.630000,635.850000
1205.910000,636.340000
1205.860000,637.140000
1205.390000,638.050000
1204.710000,638.390000
1204.650000,636.950000
1204.350000,635.610000
1204.120000,635.170000
1203.970000,635.760000
1203.770000,636.020000
1203.880000,635.760000
1204.000000,635.490000
1203.990000,635.180000
1203.870000,635.290000
1203.530000,635.260000
1202.950000,635.150000
1202.410000,635.150000
1202.380000,635.330000
1202.110000,635.520000
1202.080000,635.600000
1202.080000,635.810000
1202.040000,635.690000
1202.100000,635.880000
1202.170000,636.030000
1201.920000,636.060000
1201.430000,635.770000
1201.210000,635.580000
1201.410000,635.380000
1201.540000,635.180000
1201.490000,633.820000
1201.570000,631.510000
1203.030000,628.770000
1204.620000,627.190000
1204.810000,626.870000
1204.900000,627.290000
1204.680000,627.830000
1203.960000,627.860000
1203.390000,628.080000
1203.620000,628.300000
1203.750000,628.580000
1203.720000,628.580000
1203.600000,628.610000
1203.430000,628.500000
1202.910000,628.100000
1202.690000,628.130000
1202.580000,628.050000
1202.420000,628.170000
1202.450000,628.430000
1202.420000,628.780000
1202.470000,628.710000
1202.600000,628.740000
1202.110000,628.670000
1201.650000,628.630000
1201.060000,629.080000
1200.670000,629.060000
1200.780000,629.180000
1200.840000,629.190000
1200.620000,629.340000
1200.250000,629.450000
1200.430000,629.600000
1200.510000,629.500000
1200.360000,628.950000
1199.610000,629.280000
1199.230000,629.850000
1199.180000,630.020000
1199.050000,630.020000
1198.970000,629.900000
1198.770000,629.700000
1198.540000,629.550000
1198.140000,628.980000
1198.080000,628.330000
1198.160000,627.470000
1198.440000,626.510000
1198.630000,625.240000
1198.710000,624.170000
1198.500000,624.160000
1198.140000,624.080000
1198.110000,624.160000
1198.040000,624.170000
1198.190000,623.970000
1198.190000,623.870000
1198.070000,623.640000
1197.940000,623.160000
1197.920000,622.930000
1197.880000,622.660000
1197.750000,622.320000
1197.630000,622.130000
1197.320000,621.920000
1196.870000,621.870000
1196.490000,621.640000
1196.320000,621.230000
1196.170000,621.140000
1195.970000,621.020000
1195.450000,620.860000
1195.170000,620.840000
1195.040000,620.870000
1195.110000,620.830000
1195.060000,620.940000
1195.040000,620.960000
1195.150000,620.840000
1195.120000,620.860000
1195.020000,620.880000
1194.990000,620.840000
1195.000000,620.950000
1194.790000,621.040000
1194.490000,620.970000
1194.060000,621.050000
1193.890000,621.020000
1193.890000,620.820000
1193.600000,620.830000
1193.560000,620.910000
1193.740000,620.890000
1193.860000,620.770000
1193.590000,620.920000
1193.230000,620.980000
1192.650000,621.200000
1191.640000,621.510000
1190.740000,622.310000
1189.940000,624.220000
1189.660000,626.210000
1189.400000,628.090000
1189.050000,629.730000
1188.410000,632.050000
1188.200000,634.340000
1187.440000,635.960000
1186.460000,635.490000
1186.350000,634.940000
1186.650000,634.870000
1186.830000,635.410000
1186.480000,635.830000
1186.260000,635.640000
1186.390000,635.470000
1186.420000,635.210000
1186.170000,635.220000
1186.040000,635.260000
1185.960000,635.150000
1185.780000,635.100000
1185.800000,635.210000
1185.880000,635.410000
1185.920000,635.700000
1185.880000,635.400000
1185.550000,635.030000
1185.020000,634.840000
1184.790000,634.720000
1184.740000,634.770000
1184.620000,634.890000
1184.550000,634.930000
1184.350000,635.100000
1184.260000,635.270000
1184.250000,635.880000
1184.150000,636.910000
1183.680000,635.430000
1182.940000,631.850000
1182.950000,629.280000
1183.340000,628.430000
1183.450000,629.160000
1183.140000,629.610000
1183.380000,630.170000
1184.070000,631.100000
1183.860000,631.340000
1183.190000,631.320000
1183.170000,630.990000
1183.140000,631.020000
1183.390000,631.280000
1183.650000,631.380000
1183.640000,631.420000
1183.880000,630.890000
1184.080000,630.680000
1184.250000,631.260000
1183.940000,631.790000
1183.730000,632.080000
1183.360000,632.450000
1182.780000,632.660000
1182.010000,632.100000
1181.630000,631.400000
1181.440000,630.870000
1181.370000,630.690000
1181.520000,630.900000
1181.750000,631.040000
1181.660000,630.940000
1181.570000,630.820000
1181.220000,631.000000
1180.690000,631.290000
1179.840000,631.770000
1179.340000,631.790000
1179.710000,631.480000
1179.740000,631.270000
1179.590000,631.440000
1179.070000,631.860000
1178.930000,631.860000
1178.840000,631.310000
1178.620000,630.720000
1177.600000,629.900000
1176.740000,628.770000
1176.610000,627.710000
1176.770000,627.000000
1176.900000,626.760000
1176.180000,626.340000
1175.130000,625.690000
1174.660000,624.880000
1174.440000,624.070000
1174.210000,623.400000
1173.990000,623.110000
1173.700000,623.400000
1173.330000,623.610000
1173.290000,623.370000
1173.250000,622.720000
1173.030000,622.660000
1172.820000,622.540000
1172.610000,622.500000
1172.240000,622.310000
1172.430000,622.600000
1172.540000,622.950000
1172.830000,623.380000
1172.900000,623.820000
1172.950000,623.950000
1172.760000,623.810000
1172.650000,623.860000
1172.460000,623.840000
1172.260000,623.930000
1172.310000,623.910000
1172.310000,623.840000
1172.290000,623.790000
1172.610000,623.870000
1172.750000,623.940000
1172.490000,623.870000
1172.170000,623.960000
1172.490000,623.850000
1172.700000,623.960000
1172.710000,623.910000
1172.500000,623.940000
1172.470000,623.960000
1172.290000,624.000000
1172.260000,624.020000
1172.220000,624.070000
1172.190000,623.960000
1172.020000,623.920000
1171.630000,624.180000
1171.010000,624.560000
1170.840000,625.060000
1170.330000,625.750000
1169.640000,626.510000
1168.730000,627.900000
1168.320000,629.950000
1167.950000,632.510000
1167.450000,635.830000
1167.670000,638.570000
1167.800000,639.440000
1167.320000,639.370000
1167.220000,639.140000
1167.080000,639.330000
1167.050000,639.510000
1167.100000,639.720000
1167.070000,639.200000
1167.140000,639.060000
1167.250000,639.450000
1167.100000,639.730000
1166.960000,639.360000
1166.730000,639.130000
1166.650000,639.680000
1166.680000,639.980000
1166.610000,639.770000
1166.620000,639.630000
1166.600000,639.480000
1166.490000,639.560000
1166.200000,639.640000
1166.080000,639.450000
1166.020000,639.380000
1166.020000,639.640000
1165.890000,640.110000
1165.610000,640.470000
1165.160000,640.750000
1165.450000,641.760000
1166.970000,642.970000
1167.010000,642.050000
1167.070000,639.390000
1167.370000,636.010000
1167.920000,633.160000
1167.950000,632.000000
1167.990000,631.610000
1167.790000,631.600000
1167.420000,631.960000
1167.040000,632.250000
1167.170000,632.780000
1167.280000,633.010000
1167.290000,633.120000
1167.090000,632.900000
1167.140000,632.660000
1167.350000,631.990000
1167.340000,631.280000
1166.980000,631.490000
1166.600000,631.900000
1166.180000,632.170000
1166.030000,632.710000
1165.990000,633.070000
1165.930000,633.100000
1165.950000,632.910000
1165.390000,632.860000
1165.100000,632.780000
1165.270000,632.610000
1165.240000,632.310000
1164.970000,632.450000
1164.590000,632.700000
1163.880000,633.070000
1163.650000,632.900000
1163.650000,632.960000
1163.680000,633.130000
1163.710000,633.210000
1163.770000,633.510000
1163.440000,634.090000
1162.980000,634.790000
1162.650000,634.760000
1162.230000,634.410000
1162.240000,632.930000
1162.560000,631.500000
1162.860000,629.860000
1162.430000,628.720000
1161.870000,627.860000
1161.580000,627.310000
1161.730000,626.650000
1162.190000,625.910000
1161.970000,625.330000
1161.760000,625.490000
1161.750000,626.460000
1161.640000,627.250000
1161.560000,628.120000
1161.640000,629.050000
1161.640000,630.160000
1161.390000,631.100000
1161.080000,631.340000
1160.930000,631.420000
1160.710000,631.920000
1160.620000,632.860000
1160.390000,633.950000
1160.070000,634.910000
1159.640000,635.710000
1159.440000,636.490000
1159.460000,636.690000
1159.690000,636.600000
1159.840000,636.540000
1159.810000,636.130000
1159.780000,636.170000
1159.280000,636.310000
1159.150000,636.360000
1159.140000,636.240000
1159.000000,636.380000
1159.030000,636.540000
1159.080000,636.770000
1158.940000,636.830000
1158.950000,636.720000
1158.910000,636.650000
1158.860000,636.510000
1158.640000,636.210000
1158.000000,636.350000
1157.940000,636.410000
1157.870000,636.280000
1157.560000,636.410000
1157.380000,636.300000
1157.360000,636.320000
1157.150000,636.220000
1156.820000,636.240000
1156.370000,636.180000
1156.040000,636.320000
1155.800000,635.950000
1155.710000,635.210000
1156.030000,634.190000
1156.100000,633.530000
1156.110000,633.470000
1156.100000,633.220000
1155.890000,632.970000
1155.730000,632.780000
1155.820000,632.890000
1155.810000,632.770000
1155.810000,632.730000
1155.710000,632.730000
1155.670000,632.710000
1155.660000,632.790000
1155.650000,632.730000
1155.330000,632.720000
1155.140000,632.690000
1155.140000,632.730000
1155.180000,632.750000
1154.880000,632.600000
1154.580000,632.250000
1154.310000,632.440000
1154.330000,632.750000
1154.380000,632.780000
1154.340000,632.730000
1154.280000,632.680000
1154.200000,632.790000
1154.010000,632.760000
1153.480000,633.810000
1152.570000,635.500000
1152.190000,636.260000
1152.100000,636.600000
1152.210000,636.560000
1152.170000,636.580000
1152.420000,636.340000
1153.060000,636.160000
1153.460000,636.170000
1153.540000,636.140000
1153.460000,636.120000
1153.060000,636.160000
1152.530000,636.480000
1152.380000,636.840000
1152.340000,636.800000
1152.180000,636.940000
1152.180000,637.070000
1151.930000,637.340000
1152.020000,637.640000
1152.010000,637.450000
1152.080000,637.110000
1152.170000,637.370000
1151.940000,637.870000
1151.190000,638.350000
1150.730000,638.390000
1150.670000,637.820000
1150.950000,637.150000
1150.970000,637.370000
1150.660000,637.440000
1150.170000,637.820000
1150.090000,637.870000
1150.080000,638.000000
1150.030000,637.890000
1149.770000,637.930000
1149.040000,638.100000
1148.830000,638.120000
1148.940000,638.090000
1148.590000,638.010000
1148.360000,638.000000
1148.330000,637.730000
1148.070000,637.680000
1147.580000,637.530000
1146.900000,637.560000
1146.310000,637.870000
1146.340000,637.470000
1146.570000,636.870000
1146.660000,636.240000
1146.160000,636.250000
1145.530000,636.270000
1145.280000,636.160000
1145.370000,636.060000
1145.280000,635.960000
1145.190000,636.260000
1145.000000,636.760000
1144.900000,637.590000
1144.790000,637.650000
1145.050000,637.340000
1145.430000,637.100000
1145.800000,637.310000
1145.730000,637.470000
1145.660000,637.940000
1145.800000,637.920000
1145.730000,638.030000
1145.830000,638.130000
1145.880000,638.160000
1145.800000,638.200000
1145.880000,638.360000
1145.830000,638.710000
1145.620000,639.110000
1145.280000,639.060000
1145.220000,639.110000
1145.550000,639.110000
1145.600000,639.220000
1145.700000,639.320000
1145.620000,639.210000
1145.540000,639.230000
1145.260000,639.280000
1145.660000,639.400000
1145.640000,639.680000
1145.350000,639.910000
1144.920000,640.400000
1144.940000,640.610000
1144.740000,640.350000
1144.740000,640.200000
1144.610000,640.260000
1144.830000,640.290000
1144.770000,640.250000
1144.180000,640.290000
1143.660000,640.190000
1143.140000,639.940000
1142.770000,639.570000
1142.080000,639.230000
1141.710000,640.000000
1141.300000,640.840000
1140.810000,641.530000
1139.880000,642.240000
1139.830000,642.560000
1140.170000,641.520000
1139.870000,640.470000
1139.880000,639.670000
1139.390000,640.520000
1138.970000,640.830000
1138.660000,640.480000
1138.650000,639.830000
1138.770000,639.650000
1138.610000,640.530000
1138.680000,640.560000
1138.530000,640.420000
1138.350000,639.910000
1138.300000,640.180000
1138.140000,640.310000
1137.840000,640.070000
1137.600000,639.950000
1137.250000,640.010000
1137.130000,640.010000
1136.920000,639.910000
1136.860000,639.940000
1136.860000,640.240000
1136.850000,640.480000
1136.610000,640.940000
1136.670000,639.720000
1137.230000,636.870000
1138.670000,633.980000
1141.180000,632.520000
1141.790000,632.470000
1140.920000,632.960000
1139.690000,633.230000
1139.080000,633.320000
1138.750000,633.050000
1138.330000,633.360000
1138.330000,633.870000
1138.280000,634.290000
1138.290000,634.090000
1138.090000,633.320000
1137.990000,633.040000
1138.010000,633.010000
1138.060000,633.030000
1137.840000,633.260000
1137.770000,633.550000
1137.800000,634.100000
1137.740000,634.310000
1137.080000,634.290000
1136.990000,633.990000
1137.050000,633.770000
1136.900000,633.480000
1136.920000,633.090000
1136.930000,633.100000
1136.620000,633.190000
1135.920000,634.010000
1135.420000,634.680000
1135.720000,634.900000
1135.820000,635.010000
1135.600000,635.170000
1135.060000,635.530000
1135.050000,635.570000
1135.020000,635.230000
1134.890000,634.710000
1134.680000,634.530000
1134.400000,634.740000
1134.340000,634.760000
1134.320000,634.520000
1134.100000,633.800000
1134.090000,633.150000
1133.950000,632.400000
1133.980000,631.660000
1134.240000,630.670000
1134.440000,629.490000
1134.620000,628.510000
1134.660000,627.660000
1134.120000,627.340000
1134.060000,627.010000
1134.220000,626.630000
1134.270000,626.110000
1134.050000,626.140000
1133.680000,625.820000
1133.220000,625.690000
1133.430000,625.360000
1133.490000,624.590000
1133.530000,624.260000
1133.270000,624.230000
1132.820000,623.880000
1132.390000,623.510000
1132.040000,623.320000
1131.850000,623.290000
1131.600000,623.260000
1131.490000,623.360000
1131.480000,623.410000
1131.520000,623.320000
1131.580000,623.450000
1131.320000,623.500000
1131.120000,623.580000
1131.220000,623.440000
1131.210000,623.100000
1131.020000,623.080000
1130.890000,622.890000
1130.950000,622.820000
1130.900000,622.960000
1130.590000,622.680000
1130.100000,622.460000
1130.010000,622.440000
1129.950000,622.360000
1129.870000,622.140000
1129.810000,622.270000
1129.770000,622.350000
1129.740000,622.390000
1129.550000,622.840000
1128.710000,623.250000
1127.950000,624.020000
1127.330000,625.270000
1127.180000,626.950000
1127.000000,629.020000
1126.700000,630.880000
1126.100000,632.470000
1125.480000,634.940000
1124.810000,637.500000
1124.230000,639.490000
1123.320000,640.010000
1122.560000,639.390000
1122.920000,639.060000
1123.080000,639.370000
1122.720000,639.690000
1122.510000,639.500000
1122.600000,639.140000
1122.740000,639.070000
1122.660000,639.250000
1122.400000,639.320000
1121.990000,639.160000
1122.130000,639.160000
1122.150000,639.070000
1121.950000,639.140000
1122.050000,639.350000
1121.980000,639.490000
1122.060000,639.460000
1121.890000,639.440000
1121.860000,639.530000
1121.340000,639.660000
1121.070000,639.480000
1121.030000,639.120000
1120.820000,639.320000
1120.420000,639.760000
1120.360000,640.270000
1120.710000,640.790000
1120.640000,640.480000
1120.230000,638.100000
1119.780000,635.590000
1119.920000,633.290000
1120.100000,633.100000
1119.800000,634.100000
1119.840000,634.790000
1120.620000,635.240000
1121.110000,635.690000
1121.200000,635.720000
1121.180000,635.910000
1121.500000,635.920000
1121.810000,635.920000
1121.580000,635.980000
1121.090000,636.150000
1120.860000,635.920000
1120.850000,635.870000
1120.860000,636.070000
1120.680000,636.230000
1120.720000,636.050000
1120.790000,635.950000
1120.790000,635.910000
1120.820000,636.050000
1120.990000,636.120000
1120.870000,636.210000
1120.290000,635.980000
1119.640000,636.210000
1119.110000,636.310000
1119.040000,636.230000
1118.990000,636.430000
1119.120000,636.620000
1118.980000,636.580000
1118.900000,636.280000
1118.770000,635.680000
1118.540000,635.140000
1118.250000,635.190000
1117.940000,635.450000
1117.070000,635.940000
1116.550000,636.020000
1116.350000,635.720000
1116.370000,635.290000
1115.880000,634.860000
1115.300000,634.000000
1115.000000,633.120000
1114.370000,632.510000
1113.560000,631.490000
1113.290000,630.540000
1113.510000,629.870000
1113.260000,629.370000
1112.680000,629.160000
1112.260000,628.720000
1112.220000,627.840000
1111.960000,627.130000
1111.690000,626.710000
1111.240000,626.360000
1111.230000,626.260000
1111.420000,626.160000
1111.690000,625.940000
1111.730000,625.780000
1111.630000,625.620000
1111.210000,625.500000
1110.900000,625.980000
1111.550000,626.190000
1112.120000,626.450000
1112.300000,626.780000
1112.360000,626.990000
1112.180000,627.100000
1111.950000,627.130000
1111.760000,627.350000
1111.700000,627.530000
1111.850000,627.400000
1111.880000,627.180000
1111.870000,627.180000
1111.860000,627.240000
1111.880000,627.220000
1111.930000,627.110000
1111.940000,627.160000
1111.730000,627.210000
1111.290000,627.130000
1110.980000,626.910000
1110.900000,626.830000
1110.880000,627.100000
1110.870000,627.010000
1111.100000,626.830000
1110.910000,626.860000
1110.780000,627.030000
1110.770000,627.090000
1110.530000,627.440000
1109.900000,628.550000
1109.230000,629.910000
1108.940000,631.070000
1108.460000,632.310000
1107.800000,633.590000
1107.320000,634.980000
1106.940000,637.430000
1106.960000,640.890000
1107.070000,643.130000
1107.040000,644.160000
1108.190000,645.150000
1108.230000,645.520000
1107.610000,645.790000
1106.990000,645.360000
1107.420000,645.100000
1107.470000,645.660000
1107.250000,646.000000
1106.940000,645.810000
1106.960000,645.510000
1106.940000,645.110000
1107.010000,645.100000
1106.990000,645.400000
1106.780000,645.530000
1106.760000,645.030000
1106.770000,644.960000
1106.610000,645.130000
1106.040000,645.270000
1105.620000,645.470000
1105.120000,645.930000
1105.120000,645.960000
1105.010000,645.880000
1104.980000,645.930000
1104.790000,646.270000
1105.030000,646.800000
1105.610000,646.860000
1106.330000,645.450000
1106.420000,643.210000
1106.120000,640.820000
1106.170000,638.760000
1106.580000,637.580000
1106.870000,636.420000
1106.630000,635.400000
1106.690000,634.800000
1106.810000,634.330000
1106.500000,633.920000
1106.130000,634.130000
1105.880000,634.800000
1105.610000,635.820000
1105.180000,636.330000
1105.190000,636.430000
1105.330000,636.220000
1105.320000,635.490000
1105.220000,634.870000
1105.120000,634.090000
1105.130000,633.700000
1104.880000,633.690000
1104.770000,634.060000
1104.700000,634.480000
1104.750000,634.970000
1104.370000,635.210000
1104.020000,635.370000
1103.940000,635.340000
1104.380000,634.920000
1104.380000,634.720000
1103.830000,634.450000
1102.920000,634.870000
1102.560000,635.500000
1102.730000,636.370000
1102.570000,637.050000
1102.170000,637.490000
1102.190000,637.460000
1102.150000,637.260000
1101.870000,636.790000
1101.690000,636.230000
1101.560000,635.500000
1101.680000,634.580000
1101.510000,633.380000
1101.340000,632.290000
1101.510000,631.430000
1101.890000,630.960000
1101.540000,630.390000
1101.180000,629.920000
1101.100000,629.240000
1100.970000,628.830000
1100.990000,628.930000
1100.820000,630.440000
1100.140000,632.570000
1099.810000,634.240000
1100.020000,635.180000
1100.030000,635.560000
1099.650000,635.580000
1099.430000,635.600000
1099.210000,635.320000
1098.830000,635.760000
1098.270000,637.630000
1098.000000,638.910000
1097.910000,639.350000
1097.970000,639.070000
1097.810000,638.960000
1097.850000,639.410000
1097.680000,639.760000
1097.900000,639.730000
1097.750000,639.680000
1097.570000,639.580000
1097.350000,639.620000
1097.330000,639.800000
1097.300000,639.630000
1097.140000,639.450000
1097.220000,639.270000
1097.110000,639.280000
1097.150000,639.450000
1097.180000,639.700000
1097.120000,639.940000
1097.000000,639.930000
1097.020000,639.920000
1096.870000,639.820000
1096.790000,639.770000
1096.640000,639.760000
1096.410000,639.840000
1095.990000,639.800000
1095.610000,639.710000
1094.970000,639.580000
1094.340000,639.390000
1093.960000,639.820000
1093.580000,639.860000
1093.390000,638.850000
1093.340000,637.850000
1093.330000,638.030000
1093.410000,638.350000
1093.560000,638.360000
1093.830000,637.520000
1093.800000,637.030000
1093.670000,637.370000
1093.530000,637.650000
1093.090000,637.620000
1093.020000,637.380000
1093.170000,637.140000
1093.010000,637.420000
1092.880000,637.670000
1092.850000,637.290000
1092.890000,636.780000
1092.980000,636.880000
1092.900000,637.240000
1092.580000,637.430000
1092.480000,637.330000
1092.510000,637.220000
1092.730000,637.080000
1092.610000,637.130000
1092.570000,637.100000
1092.410000,637.150000
1091.570000,637.180000
1091.170000,637.190000
1091.290000,637.600000
1090.740000,639.240000
1090.060000,640.330000
1090.030000,640.540000
1090.120000,640.790000
1090.070000,640.630000
1090.000000,639.960000
1090.310000,639.490000
1090.770000,639.860000
1090.750000,640.430000
1090.580000,640.650000
1090.570000,640.400000
1090.890000,640.100000
1090.990000,640.280000
1090.870000,640.410000
1090.720000,640.890000
1090.710000,640.830000
1090.450000,640.640000
1090.250000,640.210000
1090.070000,640.680000
1089.750000,641.220000
1089.240000,641.820000
1089.300000,641.650000
1089.140000,641.480000
1089.110000,641.390000
1089.130000,641.500000
1089.120000,641.740000
1088.760000,641.450000
1088.340000,640.990000
1088.270000,641.020000
1088.250000,640.970000
1088.190000,641.420000
1087.820000,642.300000
1087.400000,642.560000
1087.010000,642.260000
1086.910000,642.080000
1087.010000,642.190000
1087.080000,642.090000
1086.610000,641.650000
1085.770000,641.310000
1085.000000,641.140000
1085.010000,641.050000
1085.110000,640.800000
1084.780000,640.770000
1084.130000,640.740000
1083.890000,640.770000
1083.740000,641.010000
1083.790000,641.000000
1083.890000,640.870000
1083.540000,640.740000
1083.230000,640.810000
1083.100000,640.670000
1083.140000,640.680000
1083.080000,640.580000
1083.060000,640.530000
1083.060000,640.380000
1083.180000,640.590000
1083.450000,640.900000
1083.890000,641.070000
1083.930000,641.290000
1083.970000,641.670000
1083.880000,641.600000
1083.970000,641.530000
1084.130000,641.580000
1084.350000,642.430000
1084.730000,642.860000
1084.820000,642.800000
1084.790000,642.790000
1084.780000,642.850000
1084.640000,642.980000
1084.160000,642.980000
1083.960000,642.770000
1083.950000,642.920000
1083.860000,643.080000
1084.000000,643.160000
1083.940000,643.000000
1083.970000,643.430000
1083.820000,643.820000
1083.880000,643.900000
1083.800000,643.620000
1083.840000,643.490000
1083.910000,643.760000
1083.660000,644.040000
1083.300000,643.890000
1083.310000,643.740000
1083.240000,643.870000
1083.190000,644.310000
1083.040000,644.480000
1082.580000,644.360000
1082.150000,643.980000
1081.710000,643.830000
1081.060000,643.720000
1080.390000,643.860000
1080.020000,644.210000
1079.810000,644.560000
1079.210000,645.200000
1077.940000,646.670000
1077.620000,646.200000
1077.720000,644.910000
1077.780000,644.290000
1077.740000,644.580000
1077.720000,645.170000
1077.660000,645.260000
1077.660000,644.520000
1077.560000,644.300000
1077.350000,644.690000
1076.930000,645.010000
1076.580000,644.740000
1076.160000,644.630000
1076.080000,644.610000
1076.120000,644.800000
1076.050000,644.770000
1076.010000,644.840000
1075.940000,645.160000
1075.860000,645.400000
1075.520000,645.970000
1075.030000,645.860000
1074.910000,645.530000
1074.780000,645.140000
1074.700000,645.670000
1074.660000,645.720000
1075.430000,644.390000
1076.360000,641.950000
1077.950000,639.200000
1079.250000,638.060000
1079.950000,638.390000
1078.880000,638.770000
1078.160000,639.040000
1078.120000,638.950000
1078.090000,639.200000
1077.970000,639.950000
1077.630000,640.590000
1077.490000,640.500000
1077.660000,639.850000
1077.820000,638.890000
1077.680000,638.920000
1077.150000,639.160000
1077.080000,639.220000
1076.860000,639.290000
1076.680000,639.660000
1076.390000,639.940000
1076.100000,639.840000
1076.000000,639.810000
1075.920000,639.800000
1075.990000,639.570000
1075.910000,639.160000
1075.940000,639.270000
1076.000000,639.330000
1075.880000,639.220000
1075.610000,639.610000
1075.160000,640.180000
1075.360000,640.400000
1075.390000,640.320000
1075.210000,640.250000
1075.000000,640.550000
1074.920000,640.490000
1074.860000,640.190000
1074.490000,640.260000
1074.060000,640.170000
1073.970000,640.190000
1073.720000,640.100000
1073.530000,639.960000
1073.490000,639.210000
1073.330000,638.350000
1072.830000,637.130000
1072.070000,635.930000
1071.780000,634.820000
1072.280000,633.990000
1072.780000,633.340000
1072.800000,633.470000
1072.420000,632.790000
1071.990000,632.330000
1072.050000,631.990000
1072.580000,631.220000
1073.020000,629.810000
1072.990000,629.370000
1072.960000,629.650000
1072.890000,629.740000
1072.670000,629.200000
1072.370000,628.470000
1072.110000,627.760000
1072.010000,627.900000
1071.620000,628.440000
1070.830000,628.650000
1070.760000,628.550000
1071.050000,628.330000
1070.930000,627.940000
1070.930000,628.010000
1070.800000,628.190000
1070.520000,628.060000
1070.210000,628.140000
1070.010000,628.160000
1070.030000,628.080000
1070.020000,627.970000
1069.980000,627.840000
1069.930000,627.890000
1070.020000,628.070000
1070.010000,627.970000
1069.760000,627.840000
1069.590000,627.420000
1069.390000,627.130000
1069.440000,627.360000
1069.070000,627.460000
1068.550000,627.380000
1068.480000,626.940000
1068.610000,627.070000
1068.720000,627.290000
1067.910000,628.680000
1067.160000,629.980000
1066.700000,631.230000
1065.900000,632.860000
1065.110000,635.000000
1064.720000,636.760000
1064.410000,638.900000
1063.960000,641.320000
1063.360000,643.780000
1062.830000,644.710000
1062.320000,644.120000
1062.610000,643.110000
1062.840000,642.850000
1062.660000,643.500000
1062.450000,643.740000
1062.160000,643.790000
1062.280000,643.570000
1062.200000,643.380000
1062.250000,643.350000
1061.880000,643.220000
1061.770000,643.030000
1061.680000,643.240000
1061.690000,643.260000
1061.640000,643.270000
1061.620000,643.310000
1061.510000,643.210000
1061.020000,643.180000
1061.100000,643.180000
1061.060000,643.260000
1060.960000,643.150000
1060.980000,643.150000
1060.980000,643.380000
1060.810000,643.740000
1060.810000,643.750000
1061.180000,644.160000
1061.300000,644.630000
1060.740000,643.400000
1059.730000,640.440000
1059.260000,637.880000
1059.720000,637.020000
1059.730000,637.590000
1059.320000,638.460000
1059.520000,638.880000
1060.340000,639.570000
1060.720000,639.970000
1060.550000,639.880000
1060.460000,639.850000
1060.260000,639.800000
1060.560000,639.590000
1060.680000,639.490000
1060.780000,640.060000
1060.850000,640.530000
1060.900000,640.410000
1060.770000,640.060000
1060.570000,640.240000
1059.880000,640.430000
1059.480000,640.650000
1059.780000,640.570000
1059.790000,640.540000
1059.740000,640.380000
1059.710000,640.210000
1059.710000,640.270000
1059.800000,640.460000
1059.800000,640.780000
1059.590000,640.750000
1059.180000,640.730000
1058.530000,640.810000
1057.680000,640.710000
1057.000000,640.450000
1056.620000,640.300000
1056.900000,640.330000
1057.090000,640.750000
1056.890000,640.980000
1056.770000,641.110000
1056.690000,640.970000
1056.060000,640.570000
1054.950000,639.740000
1054.230000,638.410000
1054.200000,637.380000
1054.360000,636.340000
1053.930000,636.060000
1053.070000,636.010000
1052.220000,635.080000
1052.200000,633.860000
1052.440000,633.060000
1052.310000,632.930000
1051.530000,632.570000
1051.030000,632.000000
1051.260000,631.860000
1051.140000,631.460000
1051.230000,630.850000
1051.260000,630.770000
1051.060000,630.700000
1050.890000,630.330000
1050.860000,630.070000
1050.810000,630.100000
1050.780000,630.110000
1050.990000,630.450000
1050.950000,631.130000
1050.980000,631.990000
1051.220000,632.700000
1051.230000,632.800000
1051.040000,632.430000
1051.130000,632.150000
1051.090000,632.060000
1051.070000,632.080000
1050.810000,632.060000
1050.800000,632.020000
1050.690000,632.270000
1050.870000,632.380000
1050.780000,632.400000
1050.820000,632.290000
1050.690000,632.460000
1050.730000,632.660000
1050.710000,632.510000
1050.490000,632.130000
1050.300000,632.200000
1050.310000,632.410000
1050.200000,632.660000
1050.350000,632.670000
1050.190000,632.540000
1050.050000,632.240000
1050.050000,632.340000
1049.840000,632.840000
1049.090000,633.940000
1048.350000,634.900000
1047.980000,635.960000
1047.740000,637.520000
1046.650000,639.000000
1045.880000,640.660000
1045.660000,643.530000
1045.880000,646.440000
1045.840000,648.700000
1046.290000,650.220000
1046.160000,650.320000
1045.910000,650.160000
1045.780000,649.810000
1046.070000,649.980000
1046.350000,650.150000
1046.450000,650.020000
1046.290000,649.790000
1046.030000,649.910000
1045.900000,649.920000
1045.850000,649.880000
1045.710000,649.770000
1045.620000,649.710000
1045.210000,649.840000
1045.310000,650.020000
1045.290000,650.010000
1045.240000,649.990000
1045.190000,649.990000
1045.120000,650.070000
1045.240000,650.250000
1045.010000,650.260000
1044.820000,650.280000
1044.550000,650.320000
1044.270000,650.380000
1044.390000,650.890000
1044.700000,650.450000
1044.860000,648.110000
1044.630000,645.540000
1044.410000,643.060000
1045.100000,641.430000
1045.430000,640.660000
1045.430000,640.470000
1045.200000,639.900000
1044.520000,639.200000
1044.070000,638.810000
1044.460000,638.260000
1044.900000,637.920000
1044.890000,637.720000
1044.690000,637.470000
1044.380000,637.910000
1043.990000,638.120000
1043.770000,638.250000
1043.580000,638.130000
1043.210000,638.030000
1043.120000,638.140000
1042.940000,638.100000
1042.820000,638.300000
1042.790000,638.020000
1043.080000,637.690000
1042.940000,637.250000
1042.800000,637.430000
1042.640000,637.530000
1041.980000,637.790000
1041.430000,638.190000
1041.370000,638.960000
1041.360000,639.790000
1040.910000,640.330000
1040.150000,640.360000
1039.890000,640.100000
1040.330000,639.300000
1040.670000,638.550000
1040.350000,638.090000
1040.170000,638.210000
1039.880000,638.370000
1039.570000,638.900000
1039.430000,638.660000
1039.510000,638.230000
1039.530000,636.950000
1039.320000,635.240000
1038.920000,633.810000
1039.090000,632.630000
1039.180000,632.300000
1038.940000,632.230000
1038.260000,632.600000
1038.250000,633.440000
1038.340000,634.270000
1038.140000,635.360000
1038.060000,636.350000
1038.270000,637.170000
1037.900000,637.730000
1037.470000,637.700000
1037.120000,637.990000
1037.100000,638.550000
1037.040000,639.480000
1036.940000,640.250000
1036.930000,641.140000
1036.580000,641.970000
1036.100000,642.890000
1036.220000,643.560000
1036.290000,643.620000
1036.240000,643.800000
1036.110000,643.760000
1035.890000,643.640000
1035.850000,643.670000
1035.880000,643.440000
1035.750000,643.570000
1035.780000,643.750000
1035.710000,643.860000
1035.630000,643.720000
1035.440000,643.720000
1035.050000,643.700000
1034.880000,643.680000
1034.760000,643.770000
1034.600000,643.860000
1034.490000,643.970000
1034.260000,643.900000
1034.230000,643.910000
1033.970000,643.900000
1033.880000,643.860000
1033.760000,643.920000
1033.630000,643.860000
1032.960000,643.780000
1032.330000,643.910000
1032.170000,643.960000
1031.720000,643.760000
1031.210000,643.150000
1031.320000,642.260000
1031.240000,641.630000
1031.100000,642.040000
1031.030000,641.960000
1031.110000,641.560000
1031.140000,641.130000
1031.050000,641.060000
1031.070000,641.070000
1031.030000,641.280000
1030.820000,641.290000
1030.810000,640.910000
1030.730000,640.860000
1030.650000,641.040000
1030.710000,641.180000
1030.610000,641.000000
1030.580000,640.950000
1030.570000,641.090000
1030.740000,641.160000
1030.450000,640.950000
1030.120000,640.690000
1030.170000,640.440000
1030.110000,640.390000
1029.910000,640.280000
1029.830000,640.360000
1029.790000,640.330000
1029.850000,640.410000
1029.880000,640.380000
1029.470000,641.110000
1028.600000,642.250000
1028.690000,643.000000
1029.000000,643.510000
1028.940000,643.530000
1028.800000,643.470000
1028.840000,643.180000
1028.890000,643.210000
1028.910000,643.210000
1028.610000,643.230000
1028.600000,642.880000
1028.950000,642.770000
1028.930000,643.180000
1028.950000,643.060000
1028.970000,643.070000
1028.900000,643.050000
1028.800000,643.370000
1028.400000,644.130000
1027.940000,644.780000
1028.070000,644.560000
1028.090000,644.620000
1027.780000,644.770000
1027.660000,644.820000
1027.900000,644.630000
1027.860000,644.490000
1027.820000,644.620000
1027.600000,644.880000
1027.110000,645.120000
1026.630000,645.090000
1026.230000,645.050000
1026.280000,645.080000
1025.680000,644.920000
1025.000000,644.620000
1025.130000,644.030000
1025.570000,644.170000
1025.550000,644.270000
1025.460000,644.200000
1025.200000,644.450000
1025.040000,644.990000
1024.820000,645.130000
1024.540000,644.870000
1024.120000,644.440000
1024.010000,643.960000
1023.380000,643.250000
1022.820000,643.360000
1022.100000,643.300000
1022.000000,643.100000
1022.170000,642.960000
1022.130000,642.980000
1022.010000,643.000000
1021.950000,643.480000
1021.850000,643.880000
1021.910000,643.810000
1022.030000,643.400000
1022.460000,643.260000
1022.980000,644.070000
1023.070000,644.870000
1023.120000,645.030000
1023.010000,644.450000
1023.070000,644.240000
1023.210000,644.850000
1023.620000,645.380000
1023.690000,645.830000
1023.370000,646.110000
1023.100000,646.290000
1023.220000,646.220000
1023.110000,646.360000
1023.020000,646.440000
1023.030000,646.750000
1023.140000,646.580000
1023.150000,646.690000
1023.190000,646.860000
1023.320000,646.910000
1023.210000,647.000000
1022.820000,646.970000
1022.470000,646.870000
1022.400000,647.140000
1022.470000,647.230000
1022.530000,647.270000
1022.580000,647.150000
1022.480000,647.140000
1022.220000,647.180000
1022.280000,647.530000
1022.240000,648.330000
1022.110000,648.990000
1022.010000,649.120000
1021.740000,648.800000
1021.430000,648.290000
1020.790000,648.000000
1019.960000,648.080000
1019.740000,647.860000
1019.530000,647.690000
1019.050000,647.730000
1018.790000,648.210000
1018.300000,649.230000
1017.790000,650.260000
1017.230000,650.680000
1017.330000,649.840000
1016.930000,649.070000
1016.770000,648.810000
1016.160000,649.330000
1015.910000,649.770000
1016.010000,649.690000
1016.100000,649.250000
1015.880000,649.060000
1015.970000,649.370000
1016.030000,649.720000
1015.970000,649.450000
1015.920000,649.070000
1015.600000,649.220000
1015.130000,649.350000
1014.920000,649.470000
1014.890000,649.610000
1014.910000,649.770000
1014.470000,649.720000
1013.860000,649.460000
1013.720000,649.210000
1013.890000,649.310000
1013.970000,649.820000
1013.740000,650.220000
1013.780000,649.790000
1014.560000,647.500000
1016.670000,644.260000
1018.730000,642.770000
1019.840000,643.510000
1019.240000,643.900000
1018.050000,643.900000
1017.090000,643.740000
1016.700000,643.690000
1016.600000,643.920000
1016.600000,644.490000
1016.410000,644.820000
1016.060000,644.470000
1016.050000,643.920000
1015.960000,643.220000
1015.980000,643.280000
1016.030000,643.260000
1016.250000,643.040000
1016.150000,643.160000
1016.000000,643.850000
1015.860000,644.240000
1016.270000,644.660000
1016.480000,644.710000
1016.130000,644.760000
1015.760000,644.280000
1014.990000,643.960000
1014.880000,644.030000
1014.960000,644.150000
1015.000000,644.590000
1014.770000,644.480000
1014.420000,644.420000
1014.030000,644.940000
1013.850000,645.190000
1014.060000,645.260000
1014.360000,645.330000
1014.480000,645.370000
1014.110000,645.120000
1013.340000,644.910000
1012.830000,644.870000
1012.420000,644.590000
1012.300000,643.820000
1012.240000,643.560000
1012.430000,643.220000
1012.350000,642.510000
1012.740000,641.260000
1012.990000,640.240000
1012.700000,639.710000
1012.730000,638.790000
1012.830000,638.060000
1012.950000,637.480000
1013.120000,636.880000
1013.050000,636.150000
1013.010000,635.750000
1012.850000,634.690000
1012.960000,634.330000
1012.900000,634.500000
1012.890000,634.440000
1012.820000,633.670000
1012.610000,632.720000
1011.990000,632.380000
1011.850000,632.520000
1011.790000,632.400000
1011.400000,632.020000
1010.620000,631.840000
1010.160000,631.770000
1010.310000,631.910000
1010.310000,631.920000
1010.090000,631.870000
1009.970000,632.000000
1010.040000,632.160000
1010.060000,632.080000
1010.070000,631.960000
1010.030000,631.880000
1010.110000,632.030000
1010.090000,632.120000
1009.890000,631.930000
1009.770000,631.760000
1009.810000,631.620000
1009.490000,631.380000
1008.840000,631.080000
1008.510000,631.070000
1008.460000,631.190000
1008.350000,631.160000
1008.480000,631.200000
1008.690000,631.110000
1008.040000,631.290000
1007.440000,631.800000
1006.880000,633.360000
1006.130000,634.810000
1005.660000,635.860000
1005.540000,637.540000
1005.390000,639.410000
1005.020000,641.230000
1004.440000,643.620000
1004.150000,646.040000
1003.750000,647.780000
1002.660000,648.220000
1002.150000,647.430000
1002.110000,646.900000
1002.140000,646.970000
1002.080000,647.270000
1002.090000,647.370000
1001.970000,647.630000
1001.950000,647.580000
1002.030000,647.750000
1001.990000,647.690000
1001.850000,647.640000
1001.830000,647.440000
1001.910000,647.140000
1001.930000,647.260000
1001.880000,647.340000
1001.880000,647.290000
1001.820000,647.190000
1001.920000,647.320000
1001.930000,647.330000
1001.820000,647.290000
1001.870000,647.290000
1001.780000,647.330000
1001.930000,647.500000
1001.460000,647.960000
1000.780000,648.210000
1000.400000,648.090000
1000.570000,647.270000
1000.110000,644.750000
999.230000,642.870000
998.770000,641.650000
999.120000,641.870000
999.060000,642.220000
998.970000,642.520000
999.320000,642.630000
1000.630000,643.480000
1001.240000,645.230000
1000.810000,646.330000
1000.750000,646.260000
1000.520000,645.260000
1000.280000,644.750000
1000.410000,645.130000
1000.470000,645.790000
1000.690000,645.990000
1000.690000,645.480000
1000.770000,644.920000
1000.960000,644.600000
1001.060000,645.070000
1000.890000,645.510000
1000.740000,645.900000
1000.240000,645.700000
999.830000,645.320000
999.630000,645.150000
999.650000,645.620000
999.500000,646.340000
999.150000,646.880000
999.260000,647.050000
999.390000,646.680000
999.490000,645.750000
999.260000,645.100000
999.080000,645.530000
999.200000,646.490000
998.730000,647.070000
998.020000,647.330000
997.590000,646.900000
997.940000,646.250000
997.240000,645.640000
996.530000,645.120000
995.870000,644.200000
995.310000,642.680000
995.070000,641.280000
995.050000,641.200000
994.660000,641.010000
993.890000,640.550000
993.060000,639.720000
992.160000,638.730000
992.290000,637.720000
992.470000,637.100000
992.740000,636.800000
992.340000,636.520000
992.130000,635.910000
992.280000,635.230000
992.220000,635.330000
992.230000,635.360000
992.150000,635.570000
992.170000,635.760000
991.940000,635.460000
991.780000,634.850000
992.070000,634.460000
992.310000,634.470000
992.840000,634.770000
992.920000,635.930000
992.820000,636.600000
992.770000,636.420000
992.800000,635.890000
992.730000,635.720000
992.840000,635.780000
992.750000,635.970000
992.980000,635.920000
992.910000,635.930000
992.930000,635.870000
992.610000,635.920000
992.350000,635.940000
992.460000,635.860000
992.470000,635.810000
992.250000,635.480000
992.160000,635.370000
992.000000,635.570000
991.930000,636.050000
991.940000,635.990000
992.070000,635.940000
991.980000,635.970000
991.850000,636.120000
991.860000,636.560000
991.560000,637.150000
991.010000,637.920000
990.410000,638.940000
989.730000,640.040000
989.040000,641.280000
988.650000,642.210000
988.000000,643.380000
987.070000,645.900000
987.090000,650.090000
986.980000,652.910000
987.290000,654.890000
986.990000,654.400000
986.690000,653.970000
986.200000,653.880000
986.120000,653.900000
986.070000,653.970000
986.040000,653.920000
986.070000,653.780000
986.080000,654.120000
985.910000,654.300000
986.000000,654.340000
986.120000,654.290000
985.970000,654.350000
985.830000,654.240000
985.780000,654.200000
985.710000,654.400000
985.600000,654.450000
985.250000,654.180000
985.160000,653.990000
985.040000,654.060000
984.840000,654.330000
984.610000,654.990000
984.200000,655.420000
983.860000,655.370000
983.870000,655.120000
983.980000,654.760000
984.180000,652.980000
983.740000,650.770000
983.390000,648.500000
983.480000,646.340000
984.120000,644.430000
984.810000,643.200000
984.940000,642.480000
984.900000,641.980000
984.680000,641.260000
984.160000,641.240000
983.820000,641.330000
983.560000,641.210000
983.520000,641.220000
983.500000,640.860000
983.360000,640.650000
983.570000,640.090000
983.980000,639.940000
983.870000,639.980000
983.630000,639.920000
983.260000,640.120000
983.120000,640.240000
982.830000,641.030000
982.680000,641.040000
982.660000,640.720000
982.720000,640.190000
982.110000,640.290000
981.540000,640.640000
981.070000,641.190000
981.030000,641.670000
981.000000,641.740000
980.910000,641.640000
980.560000,641.580000
980.300000,641.600000
980.280000,641.690000
980.050000,641.750000
980.010000,641.390000
980.070000,641.220000
979.890000,641.590000
979.720000,642.330000
979.600000,642.340000
979.210000,641.310000
979.190000,640.220000
979.230000,638.400000
978.940000,636.910000
978.970000,635.140000
979.100000,634.890000
978.990000,635.020000
978.970000,635.690000
978.780000,636.570000
978.350000,637.430000
978.000000,638.010000
978.020000,638.860000
978.010000,639.380000
977.980000,639.710000
977.970000,639.730000
977.780000,639.570000
977.240000,639.520000
977.010000,640.760000
976.990000,642.390000
976.880000,643.470000
976.500000,644.480000
976.260000,645.840000
976.160000,646.860000
976.220000,647.150000
976.030000,646.870000
976.140000,646.770000
976.070000,646.840000
975.900000,647.000000
975.440000,647.160000
975.040000,647.170000
974.990000,647.210000
975.000000,647.370000
974.900000,647.710000
974.870000,647.420000
974.900000,647.100000
974.760000,646.990000
974.770000,647.090000
974.790000,646.990000
974.710000,646.950000
974.170000,646.930000
973.640000,646.920000
973.310000,647.000000
973.300000,646.830000
973.280000,647.060000
973.220000,647.080000
972.910000,646.880000
972.450000,646.810000
971.750000,646.720000
971.340000,646.730000
971.380000,646.870000
971.260000,646.520000
970.870000,645.910000
970.840000,645.390000
970.630000,645.510000
970.360000,645.500000
970.290000,645.190000
970.210000,644.960000
969.820000,644.900000
969.670000,644.950000
969.430000,644.990000
969.430000,644.890000
969.450000,644.830000
969.520000,644.880000
969.760000,645.080000
969.480000,645.140000
969.280000,645.020000
969.240000,644.960000
969.050000,644.820000
968.870000,644.880000
968.870000,645.150000
969.010000,645.060000
969.160000,645.050000
969.050000,644.990000
969.050000,645.010000
968.810000,644.760000
968.460000,644.610000
968.230000,644.320000
968.190000,644.630000
967.380000,645.420000
967.280000,646.290000
967.240000,646.980000
966.870000,647.460000
966.850000,647.640000
966.980000,647.450000
967.220000,647.120000
967.350000,646.990000
967.550000,647.090000
967.930000,647.210000
967.910000,646.910000
967.800000,646.630000
967.430000,646.590000
966.950000,647.240000
966.790000,647.940000
967.010000,648.020000
967.070000,647.590000
967.060000,647.430000
967.010000,647.600000
966.990000,648.160000
966.970000,648.530000
966.980000,648.660000
966.790000,648.640000
966.170000,648.900000
965.710000,648.970000
965.260000,648.910000
965.210000,648.530000
965.470000,648.070000
965.620000,648.240000
965.370000,648.320000
965.110000,648.320000
964.850000,648.020000
964.720000,647.990000
964.860000,648.060000
964.690000,648.170000
964.300000,648.450000
963.650000,648.840000
963.120000,648.460000
962.850000,647.810000
962.690000,647.610000
962.720000,647.600000
962.850000,647.910000
962.420000,647.820000
961.740000,647.690000
961.280000,647.310000
961.450000,646.600000
961.400000,646.380000
961.180000,646.660000
960.670000,646.840000
960.730000,647.170000
961.080000,647.360000
961.200000,647.470000
961.420000,647.290000
961.890000,647.240000
961.880000,648.000000
962.300000,648.790000
962.790000,649.340000
962.690000,648.990000
962.810000,648.800000
962.840000,648.860000
963.020000,649.750000
963.190000,650.480000
963.230000,650.920000
963.460000,650.880000
963.700000,650.610000
963.470000,650.390000
962.970000,650.410000
962.950000,650.640000
963.090000,650.810000
963.260000,650.920000
963.100000,651.260000
962.990000,651.260000
963.050000,651.170000
962.970000,651.310000
963.250000,651.650000
963.390000,651.840000
963.580000,651.640000
962.850000,651.530000
962.380000,651.300000
962.540000,651.410000
962.670000,651.540000
962.010000,652.310000
961.690000,652.780000
961.520000,652.670000
961.640000,652.590000
961.920000,652.560000
961.550000,652.640000
960.880000,652.870000
960.030000,652.930000
959.200000,652.450000
958.610000,652.040000
958.220000,651.890000
958.100000,652.030000
957.950000,652.760000
957.300000,653.860000
956.640000,654.880000
956.820000,654.590000
957.130000,653.880000
956.870000,653.190000
956.320000,653.420000
956.100000,653.800000
956.240000,653.930000
956.220000,653.700000
956.200000,653.780000
955.930000,654.020000
955.690000,654.160000
955.320000,654.030000
955.510000,653.690000
955.540000,653.520000
955.240000,653.860000
954.740000,654.310000
954.880000,654.360000
955.020000,653.840000
954.890000,653.680000
954.490000,654.150000
954.070000,654.360000
953.940000,654.860000
953.820000,654.840000
953.680000,654.720000
953.430000,654.010000
953.920000,652.130000
956.040000,650.430000
958.830000,648.390000
960.650000,648.450000
960.480000,649.600000
959.220000,649.890000
957.930000,649.590000
957.420000,649.000000
956.980000,648.690000
956.620000,648.730000
956.460000,649.150000
957.080000,649.450000
957.690000,649.470000
957.580000,649.240000
957.270000,648.710000
956.940000,648.520000
957.110000,648.450000
957.130000,648.710000
956.640000,649.070000
955.980000,649.110000
955.440000,648.960000
955.640000,648.790000
955.840000,648.720000
955.820000,648.650000
955.850000,648.670000
955.790000,648.910000
955.660000,649.120000
955.730000,649.380000
955.740000,649.910000
955.590000,650.040000
955.060000,649.790000
954.750000,649.280000
954.260000,648.840000
954.310000,648.580000
954.060000,649.090000
953.730000,649.480000
953.890000,650.030000
953.830000,650.250000
953.390000,650.500000
952.690000,650.410000
952.590000,649.560000
953.120000,648.550000
953.570000,647.320000
953.820000,646.110000
953.980000,645.180000
953.890000,644.600000
953.860000,644.350000
953.890000,644.120000
953.790000,643.890000
953.670000,643.680000
953.810000,643.060000
953.910000,642.220000
953.690000,641.150000
953.630000,640.110000
953.620000,638.880000
953.780000,638.790000
953.550000,639.170000
953.160000,639.200000
953.020000,638.920000
952.760000,638.550000
952.520000,637.780000
952.050000,637.090000
951.930000,637.360000
951.730000,637.890000
951.610000,637.850000
951.250000,637.560000
951.040000,637.290000
951.010000,637.390000
951.180000,637.450000
951.100000,637.370000
951.000000,637.190000
951.120000,637.470000
951.030000,637.710000
950.710000,637.480000
950.180000,636.870000
950.210000,636.620000
950.380000,637.070000
950.210000,637.040000
949.760000,636.860000
949.450000,636.580000
949.720000,636.310000
949.930000,636.470000
949.920000,636.700000
949.960000,636.710000
950.000000,636.720000
949.740000,637.000000
948.950000,637.450000
947.840000,638.650000
947.460000,639.950000
947.330000,641.290000
946.620000,643.280000
946.070000,644.940000
945.580000,646.940000
945.030000,649.060000
944.390000,651.000000
943.850000,651.820000
943.210000,651.370000
943.200000,650.820000
943.180000,650.650000
943.040000,650.920000
943.160000,651.330000
943.100000,651.610000
942.930000,651.430000
942.850000,651.050000
942.900000,651.360000
942.830000,651.940000
942.710000,651.790000
942.960000,651.690000
942.840000,651.730000
942.670000,651.900000
942.640000,651.910000
942.720000,651.820000
942.740000,651.590000
942.320000,650.910000
941.480000,650.420000
941.220000,650.470000
941.550000,650.570000
941.900000,651.230000
941.890000,651.790000
942.070000,651.920000
942.130000,652.220000
942.110000,652.590000
941.430000,651.830000
940.320000,649.590000
939.420000,647.450000
939.410000,645.910000
939.670000,646.310000
939.700000,646.820000
939.600000,647.070000
940.140000,647.520000
941.200000,649.110000
941.880000,650.260000
941.530000,650.860000
941.230000,651.280000
941.120000,651.020000
941.270000,650.550000
941.170000,650.170000
940.960000,650.360000
940.810000,650.530000
940.730000,650.960000
940.890000,650.630000
940.760000,650.310000
940.550000,650.730000
940.120000,651.620000
940.210000,652.500000
940.210000,653.030000
940.280000,653.050000
940.400000,652.360000
940.700000,651.970000
940.440000,652.260000
940.000000,652.950000
939.620000,653.110000
939.350000,652.590000
939.100000,652.250000
938.850000,652.230000
938.650000,652.830000
938.430000,653.690000
938.380000,653.960000
938.530000,653.720000
938.650000,653.450000
938.460000,652.880000
937.830000,652.200000
936.460000,651.150000
935.180000,649.700000
935.010000,648.130000
935.210000,646.780000
934.790000,645.670000
933.940000,645.240000
933.810000,645.190000
934.260000,644.660000
933.870000,643.790000
932.710000,642.910000
932.320000,642.070000
932.570000,641.350000
932.750000,640.910000
932.750000,640.750000
932.980000,641.210000
933.030000,641.850000
932.860000,641.840000
932.860000,641.460000
932.800000,640.600000
932.470000,640.030000
932.090000,639.840000
932.400000,640.230000
933.100000,640.850000
933.250000,641.240000
933.420000,641.220000
933.340000,640.640000
933.080000,640.200000
932.880000,640.300000
932.990000,640.530000
933.050000,640.860000
933.070000,640.610000
933.130000,640.300000
933.000000,640.330000
932.950000,640.440000
933.060000,640.880000
932.930000,640.660000
932.680000,640.380000
932.110000,639.970000
932.340000,639.990000
932.410000,640.190000
932.320000,640.290000
932.410000,640.260000
932.490000,640.190000
932.660000,640.160000
932.520000,640.190000
932.240000,640.290000
932.280000,640.610000
932.040000,641.410000
931.540000,642.410000
930.840000,643.750000
930.220000,645.440000
929.430000,646.990000
928.480000,648.110000
928.060000,649.580000
928.160000,653.400000
928.300000,657.720000
927.990000,660.750000
927.160000,660.190000
927.090000,658.880000
927.280000,658.160000
927.320000,658.470000
927.130000,659.360000
927.040000,660.070000
926.910000,659.920000
926.700000,659.350000
926.600000,658.990000
926.080000,659.240000
926.020000,659.370000
926.050000,659.350000
926.280000,658.990000
926.160000,659.080000
926.110000,659.170000
926.170000,659.190000
925.910000,659.300000
925.570000,659.330000
925.230000,659.400000
925.110000,659.210000
924.990000,659.270000
924.960000,659.390000
924.900000,659.760000
924.690000,660.090000
924.680000,660.010000
925.220000,658.700000
925.320000,655.810000
924.660000,652.740000
924.230000,650.300000
924.810000,649.670000
925.050000,649.070000
924.860000,648.310000
924.780000,647.120000
924.990000,645.340000
925.060000,643.930000
924.600000,643.090000
924.290000,642.960000
924.470000,643.700000
924.680000,644.610000
924.320000,645.210000
923.820000,645.280000
923.620000,644.460000
923.800000,643.240000
923.770000,642.030000
923.580000,641.480000
923.010000,641.770000
922.750000,642.540000
922.250000,643.500000
922.070000,644.600000
921.940000,645.300000
921.600000,645.400000
921.190000,644.720000
921.430000,643.480000
921.990000,642.690000
921.830000,642.550000
921.420000,642.730000
920.950000,643.350000
920.680000,644.590000
920.020000,645.520000
919.570000,645.670000
919.750000,645.540000
919.790000,645.100000
919.810000,645.160000
919.400000,645.110000
919.210000,644.900000
919.150000,644.630000
919.180000,643.530000
919.150000,642.380000
919.200000,641.050000
919.270000,640.040000
919.150000,639.390000
918.720000,639.000000
918.190000,639.090000
918.110000,639.620000
918.090000,640.350000
918.020000,641.070000
917.880000,641.710000
917.680000,642.480000
917.110000,643.110000
916.920000,643.400000
917.090000,643.360000
917.030000,643.110000
916.680000,644.380000
916.030000,645.390000
916.000000,646.600000
916.070000,648.020000
916.170000,649.250000
916.080000,650.580000
915.960000,651.430000
915.960000,651.520000
916.170000,651.420000
915.970000,651.060000
915.890000,651.150000
915.710000,651.170000
915.870000,651.230000
915.650000,651.200000
915.410000,651.180000
914.890000,651.220000
914.470000,651.070000
914.360000,650.970000
914.610000,651.040000
914.750000,651.060000
914.560000,651.140000
913.840000,651.110000
913.520000,651.100000
913.580000,650.950000
913.800000,651.020000
913.720000,651.230000
913.650000,651.190000
913.730000,651.250000
913.630000,651.110000
913.070000,651.000000
912.350000,650.980000
911.970000,650.720000
911.780000,650.880000
911.190000,651.130000
911.030000,650.550000
910.850000,649.700000
910.630000,649.050000
910.090000,648.590000
909.950000,648.790000
910.050000,649.230000
910.020000,649.520000
909.810000,649.480000
909.770000,649.370000
909.540000,649.210000
909.320000,649.340000
909.200000,649.240000
909.210000,649.190000
909.240000,649.080000
909.220000,649.130000
909.130000,648.960000
909.250000,649.100000
909.210000,649.330000
909.090000,649.620000
908.820000,649.320000
908.600000,648.980000
908.010000,648.940000
907.550000,648.870000
907.420000,648.660000
907.630000,648.320000
907.710000,648.330000
907.800000,648.650000
907.460000,649.290000
906.960000,650.010000
907.280000,650.300000
907.250000,650.810000
906.980000,651.120000
906.820000,650.940000
906.830000,650.450000
906.760000,650.050000
906.650000,650.050000
906.650000,650.070000
906.940000,650.290000
906.930000,650.950000
907.020000,651.630000
907.190000,651.470000
907.160000,650.940000
907.140000,650.840000
907.130000,650.830000
907.070000,651.150000
906.900000,651.490000
906.690000,651.540000
906.090000,651.410000
906.110000,651.250000
905.680000,651.560000
905.470000,651.620000
905.570000,651.920000
905.490000,651.990000
905.140000,651.970000
905.030000,652.270000
904.950000,652.710000
904.920000,652.720000
904.570000,652.540000
904.210000,652.270000
903.920000,652.200000
904.170000,652.200000
904.050000,652.120000
903.770000,652.240000
903.620000,652.480000
903.580000,652.710000
903.920000,652.730000
903.230000,652.400000
902.270000,651.620000
901.700000,650.960000
901.950000,650.250000
901.840000,650.110000
901.400000,649.940000
901.020000,649.990000
901.350000,650.000000
901.520000,650.410000
901.260000,651.050000
900.990000,650.860000
900.940000,650.380000
901.120000,650.040000
901.370000,650.120000
901.940000,650.380000
902.020000,651.180000
902.110000,651.970000
902.260000,652.400000
902.300000,652.050000
902.510000,651.640000
902.870000,651.820000
902.900000,653.010000
902.840000,653.880000
903.040000,654.230000
903.530000,654.630000
903.880000,654.860000
904.000000,655.120000
904.120000,655.360000
903.880000,655.750000
903.560000,655.670000
902.950000,655.630000
902.610000,655.620000
902.580000,655.750000
902.580000,655.660000
902.830000,655.770000
902.710000,655.710000
902.880000,655.790000
902.750000,655.920000
902.970000,655.920000
902.920000,656.390000
902.600000,656.880000
902.040000,656.850000
901.980000,656.660000
902.050000,656.600000
902.010000,656.750000
901.910000,656.650000
901.930000,656.690000
901.780000,656.670000
901.480000,656.890000
900.690000,657.020000
900.070000,656.890000
899.390000,656.710000
899.120000,656.800000
898.490000,656.990000
898.070000,656.830000
897.550000,656.870000
896.630000,657.030000
896.900000,656.970000
897.260000,656.760000
897.260000,656.780000
896.970000,656.720000
896.700000,656.790000
896.370000,657.020000
896.280000,656.970000
896.150000,656.940000
896.070000,656.790000
895.960000,656.820000
895.910000,656.890000
895.600000,656.930000
895.170000,656.930000
895.010000,657.040000
895.160000,657.080000
895.060000,657.330000
894.850000,657.860000
894.340000,657.800000
893.810000,657.690000
893.560000,657.770000
893.190000,657.960000
892.860000,657.820000
892.660000,657.700000
892.260000,657.770000
892.550000,656.810000
894.210000,654.950000
897.050000,652.310000
897.692933,650.355072
898.330000,651.080000
897.120000,651.570000
896.000000,651.890000
895.610000,651.680000
895.280000,651.930000
895.210000,651.860000
895.360000,652.020000
895.670000,652.140000
896.020000,652.040000
895.760000,651.530000
895.040000,650.930000
894.060000,650.730000
893.860000,650.590000
894.010000,650.400000
894.280000,650.590000
894.640000,651.240000
894.630000,651.790000
894.660000,651.850000
894.780000,651.980000
894.720000,652.040000
894.580000,652.090000
893.900000,651.900000
893.170000,651.800000
892.500000,651.740000
892.320000,651.460000
892.200000,651.290000
892.070000,651.750000
892.010000,652.270000
892.190000,652.950000
892.190000,653.490000
892.000000,653.310000
891.900000,652.900000
891.900000,652.920000
891.940000,652.760000
891.910000,652.630000
891.870000,652.120000
891.780000,651.860000
891.510000,651.420000
890.940000,650.750000
890.450000,649.660000
890.440000,648.550000
890.430000,647.770000
890.520000,647.310000
891.200000,646.780000
891.920000,645.870000
892.200000,644.920000
892.170000,644.060000
891.890000,643.240000
892.140000,642.470000
892.570000,642.270000
893.190000,641.450000
893.840000,640.860000
893.400000,640.460000
892.760000,640.460000
892.420000,640.310000
892.410000,640.160000
892.230000,640.000000
892.030000,639.860000
891.890000,639.860000
891.760000,639.930000
891.670000,639.950000
891.720000,639.900000
891.740000,639.820000
891.210000,639.760000
890.960000,639.620000
890.840000,639.060000
890.670000,639.120000
890.710000,639.090000
890.710000,639.060000
890.760000,639.020000
890.730000,638.980000
890.760000,639.030000
890.710000,639.050000
890.630000,638.700000
890.330000,637.910000
890.020000,637.340000
889.940000,637.520000
889.770000,638.080000
889.520000,638.330000
889.080000,638.160000
889.060000,637.810000
888.900000,637.950000
888.540000,638.570000
887.720000,639.590000
887.200000,640.840000
887.060000,642.130000
886.840000,643.790000
886.650000,645.610000
886.010000,647.410000
885.320000,649.510000
885.070000,651.740000
884.810000,653.220000
883.940000,652.520000
883.260000,651.780000
883.210000,651.610000
883.120000,652.450000
883.100000,653.270000
883.150000,653.720000
883.000000,653.290000
882.980000,652.860000
882.880000,652.480000
882.780000,652.570000
882.770000,652.960000
882.760000,652.650000
882.740000,652.080000
882.580000,652.160000
882.080000,652.250000
882.110000,652.250000
881.900000,652.610000
881.950000,652.970000
881.920000,652.990000
881.890000,652.970000
881.730000,652.940000
881.530000,652.870000
881.130000,652.920000
881.300000,653.280000
881.350000,653.920000
881.250000,654.040000
881.230000,653.670000
880.930000,651.320000
879.940000,649.050000
878.960000,647.390000
878.840000,647.890000
879.290000,648.720000
879.730000,649.210000
880.060000,649.640000
880.830000,650.410000
882.220000,652.050000
882.720000,653.490000
882.660000,654.800000
882.410000,654.560000
881.950000,653.440000
881.830000,652.560000
881.780000,652.180000
881.720000,653.290000
881.710000,654.380000
881.680000,654.900000
881.750000,654.650000
881.640000,654.200000
881.530000,653.940000
881.060000,653.960000
880.900000,654.280000
881.010000,654.920000
881.090000,654.970000
881.020000,654.730000
880.810000,654.550000
880.600000,654.540000
880.260000,655.330000
880.380000,655.990000
880.350000,656.090000
880.080000,655.640000
879.800000,655.210000
879.580000,655.240000
879.060000,655.240000
879.120000,655.170000
878.970000,654.950000
878.680000,654.620000
878.100000,653.990000
878.060000,653.440000
878.020000,653.030000
877.470000,652.240000
876.470000,650.880000
875.910000,649.520000
875.400000,647.920000
875.260000,646.310000
874.780000,645.770000
873.930000,645.540000
873.890000,645.260000
874.390000,644.970000
874.560000,644.580000
874.000000,643.890000
873.770000,643.320000
873.410000,643.090000
873.790000,643.080000
874.180000,642.960000
874.560000,642.860000
874.200000,642.840000
873.880000,642.850000
873.790000,642.790000
873.610000,642.600000
872.890000,642.120000
872.690000,642.170000
873.260000,641.970000
873.940000,642.010000
874.220000,642.160000
874.150000,642.050000
873.870000,641.890000
873.910000,641.770000
873.800000,641.760000
873.790000,641.910000
873.800000,642.010000
873.800000,641.990000
873.760000,641.970000
873.800000,641.950000
873.830000,641.990000
873.880000,641.990000
873.860000,642.010000
873.800000,641.970000
873.820000,641.960000
873.770000,642.040000
873.670000,642.130000
873.650000,642.100000
873.640000,642.110000
873.860000,642.150000
873.710000,642.380000
873.210000,643.330000
872.620000,644.540000
871.820000,645.780000
870.880000,646.190000
870.100000,646.810000
869.180000,647.960000
868.140000,650.870000
867.370000,654.630000
868.110000,658.310000
868.820000,660.980000
867.540000,660.260000
866.940000,659.860000
866.300000,659.920000
866.130000,660.140000
865.980000,660.080000
866.010000,660.060000
865.980000,660.060000
866.070000,660.010000
866.110000,659.960000
866.060000,660.030000
865.960000,659.970000
866.010000,659.980000
865.990000,659.950000
865.350000,660.270000
864.670000,660.900000
864.310000,660.820000
864.550000,660.700000
864.950000,660.760000
864.930000,660.730000
864.870000,660.770000
864.860000,660.730000
864.740000,660.700000
864.740000,660.680000
864.570000,660.880000
863.940000,661.060000
863.530000,659.980000
863.250000,657.900000
862.850000,654.700000
862.300000,651.750000
862.380000,649.560000
862.490000,649.230000
863.020000,648.870000
863.040000,648.310000
862.940000,647.560000
862.780000,645.480000
862.780000,643.430000
862.650000,641.590000
862.590000,641.470000
862.470000,641.690000
862.030000,642.400000
861.990000,643.350000
861.930000,644.250000
861.820000,644.460000
861.860000,643.280000
861.980000,642.220000
861.820000,641.580000
861.390000,641.340000
860.940000,641.830000
861.000000,642.480000
860.980000,643.390000
860.810000,644.140000
860.570000,644.720000
859.870000,644.570000
859.130000,644.080000
858.490000,643.610000
858.220000,643.080000
858.110000,643.170000
858.090000,643.780000
857.900000,644.090000
857.790000,644.380000
857.650000,645.040000
857.780000,645.480000
857.870000,645.200000
857.700000,644.880000
857.230000,644.640000
856.730000,643.600000
856.410000,641.660000
856.590000,639.910000
856.930000,638.350000
856.790000,637.650000
856.840000,637.290000
856.700000,637.460000
856.470000,638.530000
855.920000,640.670000
855.480000,642.570000
855.270000,643.320000
855.230000,642.800000
855.330000,642.600000
855.100000,642.330000
854.800000,643.530000
854.700000,644.170000
854.690000,644.640000
854.550000,644.950000
854.080000,645.520000
853.940000,647.180000
853.780000,648.920000
853.680000,650.210000
853.870000,650.860000
854.010000,651.900000
854.170000,652.770000
853.960000,652.970000
853.810000,652.600000
853.510000,652.170000
853.070000,652.070000
853.090000,652.080000
853.020000,652.070000
853.040000,652.080000
853.020000,652.070000
852.850000,652.100000
852.450000,652.210000
851.960000,652.230000
851.540000,652.300000
851.350000,652.250000
851.330000,652.150000
851.430000,652.220000
851.420000,652.370000
851.290000,652.090000
851.350000,652.000000
851.340000,652.130000
851.120000,652.240000
850.980000,652.410000
850.820000,652.880000
850.610000,652.830000
849.790000,652.730000
849.120000,652.720000
848.300000,652.700000
848.090000,652.360000
847.770000,651.440000
846.910000,651.020000
846.530000,651.050000
846.350000,651.140000
846.290000,651.030000
846.150000,650.640000
846.150000,650.230000
846.220000,650.380000
846.150000,650.520000
846.080000,650.770000
846.140000,650.610000
846.200000,650.750000
846.210000,650.790000
846.100000,650.720000
845.990000,650.860000
845.860000,650.820000
845.860000,650.800000
845.850000,650.660000
845.770000,650.620000
845.820000,650.800000
845.800000,650.850000
845.650000,650.830000
845.600000,650.700000
845.640000,650.720000
845.530000,650.660000
844.720000,650.480000
843.820000,650.080000
843.210000,650.570000
843.510000,651.270000
843.880000,652.210000
843.700000,652.870000
843.700000,652.690000
843.840000,652.040000
843.940000,651.700000
843.830000,651.380000
843.770000,652.000000
843.740000,652.280000
843.830000,652.620000
843.810000,652.430000
843.650000,652.010000
843.440000,652.130000
843.090000,652.210000
843.250000,652.250000
843.390000,652.030000
843.580000,651.930000
843.460000,651.980000
843.020000,652.110000
843.010000,652.190000
842.750000,652.250000
842.720000,652.090000
842.340000,652.080000
841.870000,652.100000
841.350000,652.160000
841.390000,652.150000
841.610000,652.200000
842.030000,652.440000
841.900000,653.150000
841.890000,653.410000
841.900000,653.220000
841.680000,653.090000
841.490000,653.170000
841.010000,653.010000
840.770000,653.040000
840.040000,653.060000
839.510000,653.100000
839.480000,653.090000
839.360000,653.060000
839.300000,652.860000
839.010000,652.200000
838.620000,651.670000
838.180000,651.230000
838.310000,651.330000
838.000000,651.460000
837.690000,651.770000
837.520000,651.840000
837.940000,652.010000
838.180000,652.130000
838.110000,652.060000
838.230000,652.180000
838.300000,652.740000
838.350000,653.290000
838.900000,653.940000
839.540000,654.170000
840.090000,654.280000
840.230000,654.450000
839.890000,654.880000
840.120000,655.060000
840.330000,655.590000
841.000000,656.360000
841.470000,657.030000
841.730000,657.880000
841.920000,658.330000
841.990000,658.500000
841.950000,658.470000
841.870000,658.100000
841.950000,658.160000
841.980000,658.160000
841.880000,658.040000
841.910000,658.000000
841.960000,657.990000
841.900000,658.020000
841.640000,657.950000
840.790000,658.170000
840.090000,658.430000
839.700000,659.130000
839.990000,659.370000
840.310000,659.260000
840.890000,659.000000
841.020000,659.180000
841.080000,659.080000
840.850000,659.020000
840.620000,659.050000
840.050000,658.990000
840.020000,659.230000
839.850000,659.360000
839.550000,659.880000
838.580000,659.720000
837.700000,659.590000
836.910000,659.170000
836.570000,659.230000
836.530000,659.380000
836.030000,659.610000
835.920000,660.250000
836.050000,660.760000
835.850000,660.470000
835.610000,659.880000
834.800000,659.370000
834.330000,659.550000
834.230000,660.060000
834.410000,659.940000
834.880000,659.940000
834.860000,660.010000
834.760000,660.130000
834.820000,660.140000
834.950000,660.250000
834.950000,660.230000
834.410000,660.150000
833.630000,660.080000
833.080000,660.120000
832.800000,660.120000
832.620000,660.230000
832.530000,660.140000
832.620000,660.260000
833.010000,660.300000
833.080000,660.240000
833.140000,660.360000
833.290000,660.290000
834.540000,658.940000
837.760000,656.010000
840.950000,655.660000
NaN,NaN
NaN,NaN
NaN,NaN
NaN,NaN
NaN,NaN
NaN,NaN
NaN,NaN
NaN,NaN
NaN,NaN
NaN,NaN
NaN,NaN
NaN,NaN
NaN,NaN
NaN,NaN
NaN,NaN
NaN,NaN
NaN,NaN
NaN,NaN
NaN,NaN
NaN,NaN
NaN,NaN
NaN,NaN
NaN,NaN
NaN,NaN
NaN,NaN
NaN,NaN
NaN,NaN
NaN,NaN
NaN,NaN
NaN,NaN
NaN,NaN
NaN,NaN
NaN,NaN
NaN,NaN
NaN,NaN
NaN,NaN
NaN,NaN
NaN,NaN
NaN,NaN
NaN,NaN
NaN,NaN
NaN,NaN
NaN,NaN
NaN,NaN
NaN,NaN
NaN,NaN
NaN,NaN
NaN,NaN
NaN,NaN
NaN,NaN
NaN,NaN
NaN,NaN
NaN,NaN
NaN,NaN
NaN,NaN
NaN,NaN
NaN,NaN
NaN,NaN
NaN,NaN
NaN,NaN
NaN,NaN
NaN,NaN
NaN,NaN
NaN,NaN
NaN,NaN
NaN,NaN
NaN,NaN
NaN,NaN
NaN,NaN
NaN,NaN
NaN,NaN
NaN,NaN
NaN,NaN
NaN,NaN
NaN,NaN
NaN,NaN
NaN,NaN
NaN,NaN
NaN,NaN
NaN,NaN
NaN,NaN
NaN,NaN
NaN,NaN
NaN,NaN
NaN,NaN
NaN,NaN
NaN,NaN
NaN,NaN
NaN,NaN
NaN,NaN
NaN,NaN
NaN,NaN
NaN,NaN
NaN,NaN
NaN,NaN
NaN,NaN
NaN,NaN
NaN,NaN
NaN,NaN
NaN,NaN
NaN,NaN
NaN,NaN
NaN,NaN
NaN,NaN
NaN,NaN
NaN,NaN
NaN,NaN
NaN,NaN
NaN,NaN
